customer_id,email,purchase_amount,purchase_date,product_category,customer_age
1000,user0@example.com,117.3728937331575,2024-01-01 00:00:00,Clothing,71
1001,user1@example.com,90.75771760429161,2024-01-01 01:00:00,Electronics,74
1002,user2@example.com,106.37162046844311,2024-01-01 02:00:00,Books,24
1003,user3@example.com,89.30686262496764,2024-01-01 03:00:00,Clothing,60
1004,user4@example.com,115.38265793599234,2024-01-01 04:00:00,Electronics,31
1005,user5@example.com,79.90474223952602,2024-01-01 05:00:00,Electronics,54
1006,user6@example.com,92.51237968800454,2024-01-01 06:00:00,Books,76
1007,user7@example.com,118.67254275557576,2024-01-01 07:00:00,Books,72
1008,user8@example.com,130.80681536062528,2024-01-01 08:00:00,Clothing,57
1009,user9@example.com,59.89066755166782,2024-01-01 09:00:00,Clothing,71
1010,user10@example.com,108.64680904162637,2024-01-01 10:00:00,Clothing,75
1011,user11@example.com,116.67733310558836,2024-01-01 11:00:00,Clothing,20
1012,user12@example.com,50.249173522300794,2024-01-01 12:00:00,Electronics,52
1013,user13@example.com,94.51204579850206,2024-01-01 13:00:00,Clothing,61
1014,user14@example.com,124.18986134121448,2024-01-01 14:00:00,Electronics,33
1015,user15@example.com,122.61015617427265,2024-01-01 15:00:00,Clothing,59
1016,user16@example.com,82.27049402663272,2024-01-01 16:00:00,Home,50
1017,user17@example.com,103.29437045426332,2024-01-01 17:00:00,Electronics,37
1018,user18@example.com,132.8297495936515,2024-01-01 18:00:00,Books,51
1019,user19@example.com,95.95803247696358,2024-01-01 19:00:00,Home,70
1020,user20@example.com,83.96112481731959,2024-01-01 20:00:00,Home,46
1021,user21@example.com,151.83316438464524,2024-01-01 21:00:00,Electronics,74
1022,user22@example.com,116.97713648095002,2024-01-01 22:00:00,Home,70
1023,user23@example.com,81.54954908161051,2024-01-01 23:00:00,Clothing,62
1024,user24@example.com,110.36675731276895,2024-01-02 00:00:00,Home,72
1025,user25@example.com,125.34012515468159,2024-01-02 01:00:00,Electronics,75
1026,user26@example.com,66.67445175291897,2024-01-02 02:00:00,Home,72
1027,user27@example.com,97.82605125531191,2024-01-02 03:00:00,Clothing,23
1028,user28@example.com,77.65274675455589,2024-01-02 04:00:00,Clothing,70
1029,user29@example.com,103.10678652775545,2024-01-02 05:00:00,Books,34
1030,user30@example.com,92.12185422479132,2024-01-02 06:00:00,Books,31
1031,user31@example.com,79.777119524894,2024-01-02 07:00:00,Electronics,47
1032,user32@example.com,149.09616472408743,2024-01-02 08:00:00,Electronics,27
1033,user33@example.com,99.71179529743878,2024-01-02 09:00:00,Electronics,36
1034,user34@example.com,151.46309336676092,2024-01-02 10:00:00,Electronics,22
1035,user35@example.com,138.95528983663436,2024-01-02 11:00:00,Home,42
1036,user36@example.com,111.31841214346474,2024-01-02 12:00:00,Books,41
1037,user37@example.com,98.50432378788041,2024-01-02 13:00:00,Clothing,53
1038,user38@example.com,124.42505947076287,2024-01-02 14:00:00,Books,54
1039,user39@example.com,125.49288371320334,2024-01-02 15:00:00,Books,45
1040,user40@example.com,81.60909535266221,2024-01-02 16:00:00,Electronics,50
1041,user41@example.com,92.69810392864387,2024-01-02 17:00:00,Books,46
1042,user42@example.com,109.10787081413187,2024-01-02 18:00:00,Home,22
1043,user43@example.com,110.05547031990238,2024-01-02 19:00:00,Home,27
1044,user44@example.com,117.80972098268695,2024-01-02 20:00:00,Clothing,29
1045,user45@example.com,82.98771927764034,2024-01-02 21:00:00,Home,38
1046,user46@example.com,86.85987593145546,2024-01-02 22:00:00,Books,70
1047,user47@example.com,108.53104326943341,2024-01-02 23:00:00,Books,52
1048,user48@example.com,147.97803303270248,2024-01-03 00:00:00,Clothing,24
1049,user49@example.com,119.20215396039407,2024-01-03 01:00:00,Electronics,26
1050,,113.6934656576419,2024-01-03 02:00:00,Home,31
1051,,143.0047781871223,2024-01-03 03:00:00,Home,61
1052,,90.86451341490098,2024-01-03 04:00:00,Books,52
1053,,102.97544055616295,2024-01-03 05:00:00,Clothing,70
1054,,99.04723045861414,2024-01-03 06:00:00,Books,55
1055,,78.72006762517537,2024-01-03 07:00:00,Clothing,18
1056,,76.6609375387182,2024-01-03 08:00:00,Home,60
1057,,154.68740634212264,2024-01-03 09:00:00,Home,53
1058,,150.72108761873977,2024-01-03 10:00:00,Electronics,45
1059,,74.34680049912595,2024-01-03 11:00:00,Home,77
1060,,108.09633540488686,2024-01-03 12:00:00,Electronics,79
1061,user61@example.com,91.95071530960132,2024-01-03 13:00:00,Electronics,49
1062,user62@example.com,85.18713442977084,2024-01-03 14:00:00,Clothing,38
1063,user63@example.com,88.62535557636204,2024-01-03 15:00:00,Electronics,65
1064,user64@example.com,79.1140330010102,2024-01-03 16:00:00,Clothing,69
1065,user65@example.com,94.73237092178712,2024-01-03 17:00:00,Home,40
1066,user66@example.com,115.17685948532272,2024-01-03 18:00:00,Clothing,56
1067,user67@example.com,99.75640621815741,2024-01-03 19:00:00,Books,76
1068,user68@example.com,82.29351451497743,2024-01-03 20:00:00,Clothing,48
1069,user69@example.com,99.15558361612986,2024-01-03 21:00:00,Clothing,37
1070,user70@example.com,114.25493639259142,2024-01-03 22:00:00,Home,49
1071,user71@example.com,89.99386409674959,2024-01-03 23:00:00,Home,63
1072,user72@example.com,96.46462635665726,2024-01-04 00:00:00,Books,52
1073,user73@example.com,73.67493461406777,2024-01-04 01:00:00,Clothing,57
1074,user74@example.com,89.58614538074923,2024-01-04 02:00:00,Books,34
1075,user75@example.com,53.18027584386158,2024-01-04 03:00:00,Clothing,50
1076,user76@example.com,92.56793466783192,2024-01-04 04:00:00,Books,74
1077,user77@example.com,108.63124006100244,2024-01-04 05:00:00,Home,43
1078,user78@example.com,95.50475741708804,2024-01-04 06:00:00,Home,60
1079,user79@example.com,105.87153328526497,2024-01-04 07:00:00,Clothing,28
1080,user80@example.com,96.52878931468416,2024-01-04 08:00:00,Books,46
1081,user81@example.com,83.4445197279997,2024-01-04 09:00:00,Electronics,48
1082,user82@example.com,79.26441740116522,2024-01-04 10:00:00,Books,39
1083,user83@example.com,115.71422262995085,2024-01-04 11:00:00,Books,69
1084,user84@example.com,96.54119451228172,2024-01-04 12:00:00,Books,76
1085,user85@example.com,105.72085415231828,2024-01-04 13:00:00,Electronics,41
1086,user86@example.com,92.97308181876232,2024-01-04 14:00:00,Electronics,25
1087,user87@example.com,90.71738536991352,2024-01-04 15:00:00,Electronics,48
1088,user88@example.com,131.17747911998163,2024-01-04 16:00:00,Clothing,78
1089,user89@example.com,118.0681669186771,2024-01-04 17:00:00,Books,28
1090,user90@example.com,124.71436979350904,2024-01-04 18:00:00,Home,72
1091,user91@example.com,109.89526054962822,2024-01-04 19:00:00,Electronics,74
1092,user92@example.com,112.83969418172958,2024-01-04 20:00:00,Electronics,37
1093,user93@example.com,114.11841448269014,2024-01-04 21:00:00,Books,55
1094,user94@example.com,102.0310140006646,2024-01-04 22:00:00,Clothing,62
1095,user95@example.com,144.48413266965326,2024-01-04 23:00:00,Books,47
1096,user96@example.com,95.19351580591277,2024-01-05 00:00:00,Clothing,59
1097,user97@example.com,63.627178905750654,2024-01-05 01:00:00,Clothing,76
1098,user98@example.com,126.37507967321172,2024-01-05 02:00:00,Home,72
1099,user99@example.com,99.37516626481724,2024-01-05 03:00:00,Home,63
1001,user100@example.com,92.55789932007283,2024-01-05 04:00:00,Home,67
1001,user101@example.com,97.51618973289548,2024-01-05 05:00:00,Electronics,62
1001,user102@example.com,122.3788501128014,2024-01-05 06:00:00,Clothing,66
1001,user103@example.com,152.66229716122047,2024-01-05 07:00:00,Electronics,68
1001,user104@example.com,142.5336705764989,2024-01-05 08:00:00,Electronics,24
1001,user105@example.com,92.97147525725097,2024-01-05 09:00:00,Electronics,64
1106,user106@example.com,53.04505019861013,2024-01-05 10:00:00,Home,58
1107,user107@example.com,71.01729109240014,2024-01-05 11:00:00,Books,21
1108,user108@example.com,120.37841930019601,2024-01-05 12:00:00,Electronics,77
1109,user109@example.com,76.44346179310331,2024-01-05 13:00:00,Books,51
1110,user110@example.com,115.68928334067147,2024-01-05 14:00:00,Clothing,69
1111,user111@example.com,71.42103618934712,2024-01-05 15:00:00,Electronics,24
1112,user112@example.com,92.00249925133254,2024-01-05 16:00:00,Electronics,41
1113,user113@example.com,95.38460954168607,2024-01-05 17:00:00,Books,69
1114,user114@example.com,104.85480082406849,2024-01-05 18:00:00,Clothing,51
1115,user115@example.com,98.78564641967645,2024-01-05 19:00:00,Books,43
1116,user116@example.com,70.18684857996337,2024-01-05 20:00:00,Books,56
1117,user117@example.com,78.18861819553642,2024-01-05 21:00:00,Home,24
1118,user118@example.com,85.68145176753742,2024-01-05 22:00:00,Home,21
1119,user119@example.com,143.91519969761003,2024-01-05 23:00:00,Home,66
1120,user120@example.com,38.22658746512392,2024-01-06 00:00:00,Clothing,78
1121,user121@example.com,88.76459747756904,2024-01-06 01:00:00,Electronics,78
1122,user122@example.com,149.61206839446646,2024-01-06 02:00:00,Books,36
1123,user123@example.com,77.58233283680808,2024-01-06 03:00:00,Clothing,48
1124,user124@example.com,75.34384282509271,2024-01-06 04:00:00,Home,74
1125,user125@example.com,101.78348452559887,2024-01-06 05:00:00,Home,33
1126,user126@example.com,94.57934743636613,2024-01-06 06:00:00,Electronics,55
1127,user127@example.com,110.43163134283701,2024-01-06 07:00:00,Books,39
1128,user128@example.com,86.97409815272138,2024-01-06 08:00:00,Clothing,44
1129,user129@example.com,95.16112483841961,2024-01-06 09:00:00,Electronics,61
1130,user130@example.com,156.1886094940025,2024-01-06 10:00:00,Clothing,40
1131,user131@example.com,148.10635639488942,2024-01-06 11:00:00,Home,63
1132,user132@example.com,128.73781275477148,2024-01-06 12:00:00,Books,62
1133,user133@example.com,103.61833307405286,2024-01-06 13:00:00,Clothing,62
1134,user134@example.com,116.67871421305767,2024-01-06 14:00:00,Electronics,73
1135,user135@example.com,121.74180473648248,2024-01-06 15:00:00,Books,49
1136,user136@example.com,87.52920333368749,2024-01-06 16:00:00,Home,31
1137,user137@example.com,85.6884896383914,2024-01-06 17:00:00,Books,79
1138,user138@example.com,124.99693218373923,2024-01-06 18:00:00,Clothing,29
1139,user139@example.com,75.39607506527098,2024-01-06 19:00:00,Books,45
1140,user140@example.com,89.46912590247183,2024-01-06 20:00:00,Home,50
1141,user141@example.com,84.51370152669844,2024-01-06 21:00:00,Home,60
1142,user142@example.com,102.94115566842856,2024-01-06 22:00:00,Books,65
1143,user143@example.com,77.05113753773429,2024-01-06 23:00:00,Home,27
1144,user144@example.com,112.52052957119284,2024-01-07 00:00:00,Home,43
1145,user145@example.com,76.00355741893459,2024-01-07 01:00:00,Clothing,29
1146,user146@example.com,112.94376173589517,2024-01-07 02:00:00,Books,47
1147,user147@example.com,105.76081755242951,2024-01-07 03:00:00,Books,33
1148,user148@example.com,81.9209889728497,2024-01-07 04:00:00,Electronics,38
1149,user149@example.com,112.25520425854755,2024-01-07 05:00:00,Books,24
1150,user150@example.com,57.758677096513686,2024-01-07 06:00:00,Books,28
1151,user151@example.com,56.882277823256025,2024-01-07 07:00:00,Clothing,28
1152,user152@example.com,141.21844649105896,2024-01-07 08:00:00,Electronics,35
1153,user153@example.com,52.02222733367974,2024-01-07 09:00:00,Electronics,25
1154,user154@example.com,113.84326579164073,2024-01-07 10:00:00,Books,56
1155,user155@example.com,81.62482478786049,2024-01-07 11:00:00,Home,64
1156,user156@example.com,142.7837892915521,2024-01-07 12:00:00,Books,42
1157,user157@example.com,95.97803782628685,2024-01-07 13:00:00,Home,55
1158,user158@example.com,88.4822303740296,2024-01-07 14:00:00,Books,19
1159,user159@example.com,88.28839515853065,2024-01-07 15:00:00,Books,78
1160,user160@example.com,106.94794418471787,2024-01-07 16:00:00,Electronics,59
1161,user161@example.com,81.26212369351586,2024-01-07 17:00:00,Home,73
1162,user162@example.com,93.5074738669435,2024-01-07 18:00:00,Books,31
1163,user163@example.com,121.86221672695106,2024-01-07 19:00:00,Home,69
1164,user164@example.com,131.75786712430516,2024-01-07 20:00:00,Electronics,48
1165,user165@example.com,122.17016238038741,2024-01-07 21:00:00,Electronics,72
1166,user166@example.com,141.07553886211102,2024-01-07 22:00:00,Electronics,35
1167,user167@example.com,83.39628041179687,2024-01-07 23:00:00,Electronics,57
1168,user168@example.com,80.4245157792044,2024-01-08 00:00:00,Home,50
1169,user169@example.com,80.791637949626,2024-01-08 01:00:00,Home,32
1170,user170@example.com,68.77116386808284,2024-01-08 02:00:00,Clothing,20
1171,user171@example.com,159.3732949115617,2024-01-08 03:00:00,Clothing,67
1172,user172@example.com,125.57697156298714,2024-01-08 04:00:00,Books,31
1173,user173@example.com,93.75495342175337,2024-01-08 05:00:00,Electronics,49
1174,user174@example.com,85.84965208541297,2024-01-08 06:00:00,Electronics,18
1175,user175@example.com,125.84122147691639,2024-01-08 07:00:00,Clothing,38
1176,user176@example.com,87.1473242062954,2024-01-08 08:00:00,Clothing,48
1177,user177@example.com,114.84110679989206,2024-01-08 09:00:00,Home,32
1178,user178@example.com,103.23558125061575,2024-01-08 10:00:00,Home,73
1179,user179@example.com,87.8732605587322,2024-01-08 11:00:00,Electronics,40
1180,user180@example.com,128.25417403344568,2024-01-08 12:00:00,Home,29
1181,user181@example.com,81.94601673643754,2024-01-08 13:00:00,Electronics,43
1182,user182@example.com,133.1040943083777,2024-01-08 14:00:00,Books,20
1183,user183@example.com,89.29715777481344,2024-01-08 15:00:00,Clothing,50
1184,user184@example.com,85.48542985316357,2024-01-08 16:00:00,Home,76
1185,user185@example.com,100.2469926972811,2024-01-08 17:00:00,Clothing,48
1186,user186@example.com,75.77819265738128,2024-01-08 18:00:00,Books,18
1187,user187@example.com,108.99670020430604,2024-01-08 19:00:00,Clothing,33
1188,user188@example.com,133.1334023614723,2024-01-08 20:00:00,Clothing,47
1189,user189@example.com,63.556620902086316,2024-01-08 21:00:00,Electronics,50
1190,user190@example.com,109.57426828741846,2024-01-08 22:00:00,Home,23
1191,user191@example.com,74.08583016179483,2024-01-08 23:00:00,Books,29
1192,user192@example.com,106.65693999965987,2024-01-09 00:00:00,Electronics,74
1193,user193@example.com,78.59167824383337,2024-01-09 01:00:00,Books,76
1194,user194@example.com,115.4848587533406,2024-01-09 02:00:00,Home,58
1195,user195@example.com,96.34315952057648,2024-01-09 03:00:00,Electronics,22
1196,user196@example.com,100.91573823717059,2024-01-09 04:00:00,Books,45
1197,user197@example.com,73.45555917722751,2024-01-09 05:00:00,Clothing,59
1198,user198@example.com,106.99772436669716,2024-01-09 06:00:00,Electronics,32
1199,user199@example.com,92.15953061333428,2024-01-09 07:00:00,Clothing,73
1200,user200@example.com,10000.0,2024-01-09 08:00:00,Home,64
1201,user201@example.com,88.7338128591517,2024-01-09 09:00:00,Home,61
1202,user202@example.com,114.1142297017448,2024-01-09 10:00:00,Books,29
1203,user203@example.com,146.32061246877512,2024-01-09 11:00:00,Home,66
1204,user204@example.com,73.34861752829296,2024-01-09 12:00:00,Books,40
1205,user205@example.com,78.78349051627441,2024-01-09 13:00:00,Home,56
1206,user206@example.com,60.22366640949424,2024-01-09 14:00:00,Electronics,73
1207,user207@example.com,110.88071410938136,2024-01-09 15:00:00,Electronics,51
1208,user208@example.com,112.94441241730873,2024-01-09 16:00:00,Home,40
1209,user209@example.com,96.95102676586681,2024-01-09 17:00:00,Electronics,27
1210,user210@example.com,109.99763935261193,2024-01-09 18:00:00,Books,29
1211,user211@example.com,72.41859321160464,2024-01-09 19:00:00,Electronics,78
1212,user212@example.com,104.04899682297213,2024-01-09 20:00:00,Electronics,66
1213,user213@example.com,88.93175423359358,2024-01-09 21:00:00,Books,34
1214,user214@example.com,93.62630227411101,2024-01-09 22:00:00,Books,29
1215,user215@example.com,118.07400639943259,2024-01-09 23:00:00,Electronics,79
1216,user216@example.com,99.46607267997932,2024-01-10 00:00:00,Home,38
1217,user217@example.com,73.72762754257323,2024-01-10 01:00:00,Electronics,68
1218,user218@example.com,116.78096355400962,2024-01-10 02:00:00,Electronics,46
1219,user219@example.com,114.27678974563165,2024-01-10 03:00:00,Electronics,54
1220,user220@example.com,73.50658479563089,2024-01-10 04:00:00,Clothing,37
1221,user221@example.com,106.33955748253213,2024-01-10 05:00:00,Electronics,40
1222,user222@example.com,93.7251988559331,2024-01-10 06:00:00,Books,40
1223,user223@example.com,94.46965089387135,2024-01-10 07:00:00,Electronics,75
1224,user224@example.com,48.02930165822006,2024-01-10 08:00:00,Electronics,74
1225,user225@example.com,72.2584351070841,2024-01-10 09:00:00,Clothing,68
1226,user226@example.com,74.72163886043728,2024-01-10 10:00:00,Clothing,43
1227,user227@example.com,100.46207246764524,2024-01-10 11:00:00,Books,44
1228,user228@example.com,112.74551770053668,2024-01-10 12:00:00,Books,36
1229,user229@example.com,124.7812446999954,2024-01-10 13:00:00,Clothing,34
1230,user230@example.com,104.8853842994729,2024-01-10 14:00:00,Home,44
1231,user231@example.com,103.42274252622818,2024-01-10 15:00:00,Clothing,48
1232,user232@example.com,53.89381647531587,2024-01-10 16:00:00,Home,50
1233,user233@example.com,85.4626139302739,2024-01-10 17:00:00,Home,65
1234,user234@example.com,76.65924884160651,2024-01-10 18:00:00,Electronics,67
1235,user235@example.com,74.0487591485529,2024-01-10 19:00:00,Books,22
1236,user236@example.com,83.12783056556222,2024-01-10 20:00:00,Books,51
1237,user237@example.com,99.19799131021686,2024-01-10 21:00:00,Electronics,58
1238,user238@example.com,95.48355507410959,2024-01-10 22:00:00,Books,46
1239,user239@example.com,98.37506606605318,2024-01-10 23:00:00,Home,46
1240,user240@example.com,114.73794586646102,2024-01-11 00:00:00,Clothing,67
1241,user241@example.com,56.547746037006696,2024-01-11 01:00:00,Electronics,73
1242,user242@example.com,89.48321695095981,2024-01-11 02:00:00,Books,41
1243,user243@example.com,98.23102065063067,2024-01-11 03:00:00,Clothing,30
1244,user244@example.com,74.33295317734188,2024-01-11 04:00:00,Clothing,60
1245,user245@example.com,98.83946997085897,2024-01-11 05:00:00,Books,33
1246,user246@example.com,116.98841326841928,2024-01-11 06:00:00,Clothing,43
1247,user247@example.com,119.90860807035932,2024-01-11 07:00:00,Books,35
1248,user248@example.com,76.62765769802833,2024-01-11 08:00:00,Home,72
1249,user249@example.com,106.97147574453939,2024-01-11 09:00:00,Electronics,33
1250,user250@example.com,109.66960407591615,2024-01-11 10:00:00,Electronics,58
1251,user251@example.com,111.87414819995657,2024-01-11 11:00:00,Electronics,34
1252,user252@example.com,68.69209126335694,2024-01-11 12:00:00,Electronics,37
1253,user253@example.com,120.84656669127398,2024-01-11 13:00:00,Books,48
1254,user254@example.com,79.43133608603029,2024-01-11 14:00:00,Books,32
1255,user255@example.com,75.66906898549934,2024-01-11 15:00:00,Clothing,22
1256,user256@example.com,95.28644947812715,2024-01-11 16:00:00,Clothing,41
1257,user257@example.com,90.83677209800878,2024-01-11 17:00:00,Clothing,76
1258,user258@example.com,85.25865376350718,2024-01-11 18:00:00,Electronics,28
1259,user259@example.com,84.05165127478115,2024-01-11 19:00:00,Books,76
1260,user260@example.com,105.40285209553265,2024-01-11 20:00:00,Books,29
1261,user261@example.com,95.00072819165594,2024-01-11 21:00:00,Electronics,59
1262,user262@example.com,96.42582039497084,2024-01-11 22:00:00,Home,39
1263,user263@example.com,148.7617673083356,2024-01-11 23:00:00,Home,59
1264,user264@example.com,120.57893381987606,2024-01-12 00:00:00,Home,18
1265,user265@example.com,128.26233342106121,2024-01-12 01:00:00,Electronics,43
1266,user266@example.com,97.13815709876499,2024-01-12 02:00:00,Books,56
1267,user267@example.com,47.48928809749411,2024-01-12 03:00:00,Books,28
1268,user268@example.com,72.65549837447058,2024-01-12 04:00:00,Electronics,74
1269,user269@example.com,107.64587523479172,2024-01-12 05:00:00,Electronics,68
1270,user270@example.com,134.13050969915793,2024-01-12 06:00:00,Clothing,39
1271,user271@example.com,75.67442417599085,2024-01-12 07:00:00,Clothing,20
1272,user272@example.com,144.84155851087672,2024-01-12 08:00:00,Clothing,73
1273,user273@example.com,89.41044312673924,2024-01-12 09:00:00,Clothing,56
1274,user274@example.com,113.63951835934934,2024-01-12 10:00:00,Clothing,26
1275,user275@example.com,89.07360216315426,2024-01-12 11:00:00,Electronics,46
1276,user276@example.com,103.71944946364091,2024-01-12 12:00:00,Clothing,22
1277,user277@example.com,68.03730288059575,2024-01-12 13:00:00,Clothing,57
1278,user278@example.com,109.27466122194511,2024-01-12 14:00:00,Electronics,48
1279,user279@example.com,136.18183940646097,2024-01-12 15:00:00,Books,42
1280,user280@example.com,138.79080720794195,2024-01-12 16:00:00,Electronics,61
1281,user281@example.com,109.74249292440298,2024-01-12 17:00:00,Electronics,38
1282,user282@example.com,88.70199185626348,2024-01-12 18:00:00,Clothing,49
1283,user283@example.com,118.03220235610752,2024-01-12 19:00:00,Clothing,55
1284,user284@example.com,44.645154063352265,2024-01-12 20:00:00,Home,77
1285,user285@example.com,96.50747224209061,2024-01-12 21:00:00,Books,34
1286,user286@example.com,73.76882826794723,2024-01-12 22:00:00,Electronics,51
1287,user287@example.com,84.40274572960055,2024-01-12 23:00:00,Home,34
1288,user288@example.com,94.05045266303209,2024-01-13 00:00:00,Electronics,59
1289,user289@example.com,67.86724301466788,2024-01-13 01:00:00,Books,31
1290,user290@example.com,79.3011304994499,2024-01-13 02:00:00,Electronics,34
1291,user291@example.com,106.82993230160291,2024-01-13 03:00:00,Books,44
1292,user292@example.com,97.70175884798994,2024-01-13 04:00:00,Electronics,18
1293,user293@example.com,95.24107779121945,2024-01-13 05:00:00,Electronics,56
1294,user294@example.com,123.39570039331466,2024-01-13 06:00:00,Home,52
1295,user295@example.com,151.6775101272497,2024-01-13 07:00:00,Clothing,28
1296,user296@example.com,162.80408430633906,2024-01-13 08:00:00,Clothing,30
1297,user297@example.com,74.11013018193182,2024-01-13 09:00:00,Books,31
1298,user298@example.com,130.75308618477683,2024-01-13 10:00:00,Books,73
1299,user299@example.com,81.52137170190377,2024-01-13 11:00:00,Books,34
1300,user300@example.com,58.85148724166825,2024-01-13 12:00:00,Clothing,53
1301,user301@example.com,90.60545051283675,2024-01-13 13:00:00,Books,50
1302,user302@example.com,69.96868052764974,2024-01-13 14:00:00,Home,29
1303,user303@example.com,61.096690304050014,2024-01-13 15:00:00,Books,40
1304,user304@example.com,85.55383085513422,2024-01-13 16:00:00,Home,18
1305,user305@example.com,55.263264020132404,2024-01-13 17:00:00,Clothing,29
1306,user306@example.com,67.19166759570163,2024-01-13 18:00:00,Electronics,58
1307,user307@example.com,125.87734396481214,2024-01-13 19:00:00,Clothing,36
1308,user308@example.com,83.25654765955309,2024-01-13 20:00:00,Books,77
1309,user309@example.com,78.54699800257961,2024-01-13 21:00:00,Electronics,68
1310,user310@example.com,74.93366197571069,2024-01-13 22:00:00,Clothing,26
1311,user311@example.com,77.8166638733981,2024-01-13 23:00:00,Home,42
1312,user312@example.com,70.45326455888882,2024-01-14 00:00:00,Books,21
1313,user313@example.com,76.8078552770752,2024-01-14 01:00:00,Home,56
1314,user314@example.com,161.07126375799217,2024-01-14 02:00:00,Clothing,65
1315,user315@example.com,124.98313033704208,2024-01-14 03:00:00,Home,64
1316,user316@example.com,108.19234704874688,2024-01-14 04:00:00,Books,56
1317,user317@example.com,90.86804777082756,2024-01-14 05:00:00,Books,52
1318,user318@example.com,119.10264926576755,2024-01-14 06:00:00,Home,75
1319,user319@example.com,141.2238567007663,2024-01-14 07:00:00,Books,67
1320,user320@example.com,136.939280515533,2024-01-14 08:00:00,Electronics,75
1321,user321@example.com,89.33272547987876,2024-01-14 09:00:00,Books,76
1322,user322@example.com,87.0824102758431,2024-01-14 10:00:00,Electronics,34
1323,user323@example.com,128.675660156792,2024-01-14 11:00:00,Books,28
1324,user324@example.com,99.51985615925894,2024-01-14 12:00:00,Clothing,47
1325,user325@example.com,112.34947870438276,2024-01-14 13:00:00,Electronics,56
1326,user326@example.com,118.68680394841442,2024-01-14 14:00:00,Clothing,33
1327,user327@example.com,87.37221776064895,2024-01-14 15:00:00,Electronics,70
1328,user328@example.com,56.166270154526835,2024-01-14 16:00:00,Home,18
1329,user329@example.com,105.70139259130848,2024-01-14 17:00:00,Home,52
1330,user330@example.com,90.47863628278613,2024-01-14 18:00:00,Books,26
1331,user331@example.com,83.52299164233546,2024-01-14 19:00:00,Books,65
1332,user332@example.com,110.68115101123541,2024-01-14 20:00:00,Clothing,67
1333,user333@example.com,102.19373691765594,2024-01-14 21:00:00,Books,34
1334,user334@example.com,102.09630764923675,2024-01-14 22:00:00,Clothing,79
1335,user335@example.com,120.0810555736841,2024-01-14 23:00:00,Clothing,60
1336,user336@example.com,99.58087801831657,2024-01-15 00:00:00,Home,62
1337,user337@example.com,117.63913318924865,2024-01-15 01:00:00,Electronics,36
1338,user338@example.com,99.03846388239998,2024-01-15 02:00:00,Home,73
1339,user339@example.com,119.49826699451236,2024-01-15 03:00:00,Electronics,30
1340,user340@example.com,69.03154172030158,2024-01-15 04:00:00,Books,45
1341,user341@example.com,78.4138901843794,2024-01-15 05:00:00,Electronics,73
1342,user342@example.com,103.37426469639358,2024-01-15 06:00:00,Home,38
1343,user343@example.com,103.91607875720813,2024-01-15 07:00:00,Home,75
1344,user344@example.com,87.95055380222749,2024-01-15 08:00:00,Electronics,41
1345,user345@example.com,114.21456595553948,2024-01-15 09:00:00,Home,57
1346,user346@example.com,85.35326436282382,2024-01-15 10:00:00,Home,73
1347,user347@example.com,52.20884591202765,2024-01-15 11:00:00,Clothing,45
1348,user348@example.com,84.26839584892106,2024-01-15 12:00:00,Clothing,24
1349,user349@example.com,117.08597164631664,2024-01-15 13:00:00,Electronics,68
1350,user350@example.com,83.30451822324972,2024-01-15 14:00:00,Clothing,54
1351,user351@example.com,60.47064517254067,2024-01-15 15:00:00,Clothing,18
1352,user352@example.com,92.03724924085623,2024-01-15 16:00:00,Books,64
1353,user353@example.com,125.68120428026981,2024-01-15 17:00:00,Clothing,49
1354,user354@example.com,61.535723804927464,2024-01-15 18:00:00,Home,28
1355,user355@example.com,80.6719983996933,2024-01-15 19:00:00,Books,72
1356,user356@example.com,61.30511463359788,2024-01-15 20:00:00,Books,30
1357,user357@example.com,108.18136778277719,2024-01-15 21:00:00,Clothing,74
1358,user358@example.com,127.68351014138074,2024-01-15 22:00:00,Electronics,45
1359,user359@example.com,63.837643996633176,2024-01-15 23:00:00,Books,63
1360,user360@example.com,95.61549986983427,2024-01-16 00:00:00,Clothing,72
1361,user361@example.com,144.3956120943646,2024-01-16 01:00:00,Home,62
1362,user362@example.com,104.43239202978816,2024-01-16 02:00:00,Clothing,61
1363,user363@example.com,72.4569503596969,2024-01-16 03:00:00,Books,22
1364,user364@example.com,79.44814556479118,2024-01-16 04:00:00,Home,43
1365,user365@example.com,80.71691884017119,2024-01-16 05:00:00,Books,46
1366,user366@example.com,101.27422051491016,2024-01-16 06:00:00,Clothing,50
1367,user367@example.com,115.94753458086979,2024-01-16 07:00:00,Home,20
1368,user368@example.com,79.67609364359278,2024-01-16 08:00:00,Clothing,68
1369,user369@example.com,104.65749834888443,2024-01-16 09:00:00,Books,34
1370,user370@example.com,108.19377144621116,2024-01-16 10:00:00,Clothing,76
1371,user371@example.com,73.51591806828611,2024-01-16 11:00:00,Electronics,21
1372,user372@example.com,133.9354859895907,2024-01-16 12:00:00,Clothing,46
1373,user373@example.com,106.34903267539651,2024-01-16 13:00:00,Home,47
1374,user374@example.com,103.01379295222704,2024-01-16 14:00:00,Clothing,32
1375,user375@example.com,83.6240842964586,2024-01-16 15:00:00,Home,31
1376,user376@example.com,112.57005210139863,2024-01-16 16:00:00,Electronics,46
1377,user377@example.com,82.17622749251414,2024-01-16 17:00:00,Home,23
1378,user378@example.com,122.85473544931982,2024-01-16 18:00:00,Clothing,50
1379,user379@example.com,75.9442310378796,2024-01-16 19:00:00,Books,33
1380,user380@example.com,94.81748039828602,2024-01-16 20:00:00,Home,50
1381,user381@example.com,95.42966679875671,2024-01-16 21:00:00,Electronics,28
1382,user382@example.com,68.36563354548387,2024-01-16 22:00:00,Home,51
1383,user383@example.com,112.024444459156,2024-01-16 23:00:00,Home,66
1384,user384@example.com,173.32780780306774,2024-01-17 00:00:00,Home,21
1385,user385@example.com,169.5633061686097,2024-01-17 01:00:00,Electronics,24
1386,user386@example.com,82.45785069218189,2024-01-17 02:00:00,Home,79
1387,user387@example.com,103.33876231638848,2024-01-17 03:00:00,Clothing,72
1388,user388@example.com,77.27561125259746,2024-01-17 04:00:00,Electronics,37
1389,user389@example.com,84.73714551002863,2024-01-17 05:00:00,Clothing,25
1390,user390@example.com,140.9078028876957,2024-01-17 06:00:00,Home,48
1391,user391@example.com,99.64198010653303,2024-01-17 07:00:00,Home,24
1392,user392@example.com,113.97428434921021,2024-01-17 08:00:00,Clothing,44
1393,user393@example.com,102.79137335098524,2024-01-17 09:00:00,Home,72
1394,user394@example.com,128.63159949898753,2024-01-17 10:00:00,Clothing,70
1395,user395@example.com,90.41353421659814,2024-01-17 11:00:00,Books,65
1396,user396@example.com,88.50437062216022,2024-01-17 12:00:00,Clothing,28
1397,user397@example.com,120.5722519003439,2024-01-17 13:00:00,Home,43
1398,user398@example.com,90.4467130644712,2024-01-17 14:00:00,Books,53
1399,user399@example.com,120.18519046164968,2024-01-17 15:00:00,Electronics,41
1400,user400@example.com,100.37164543969192,2024-01-17 16:00:00,Clothing,56
1401,user401@example.com,105.77062868911626,2024-01-17 17:00:00,Home,49
1402,user402@example.com,126.23642830682806,2024-01-17 18:00:00,Home,52
1403,user403@example.com,134.61237002565113,2024-01-17 19:00:00,Books,74
1404,user404@example.com,113.73696123548821,2024-01-17 20:00:00,Home,57
1405,user405@example.com,104.29251673328075,2024-01-17 21:00:00,Clothing,41
1406,user406@example.com,88.10326556117465,2024-01-17 22:00:00,Home,60
1407,user407@example.com,106.02699755007608,2024-01-17 23:00:00,Clothing,77
1408,user408@example.com,128.93292013088083,2024-01-18 00:00:00,Books,72
1409,user409@example.com,69.89250259104281,2024-01-18 01:00:00,Books,49
1410,user410@example.com,125.2346461469387,2024-01-18 02:00:00,Home,53
1411,user411@example.com,94.3617219611504,2024-01-18 03:00:00,Home,19
1412,user412@example.com,79.53062664978626,2024-01-18 04:00:00,Electronics,46
1413,user413@example.com,131.88596066383508,2024-01-18 05:00:00,Home,22
1414,user414@example.com,72.98180600059719,2024-01-18 06:00:00,Home,48
1415,user415@example.com,106.73894948146112,2024-01-18 07:00:00,Home,71
1416,user416@example.com,111.45723925850787,2024-01-18 08:00:00,Home,27
1417,user417@example.com,72.11975685904014,2024-01-18 09:00:00,Clothing,72
1418,user418@example.com,98.22851392737456,2024-01-18 10:00:00,Home,27
1419,user419@example.com,115.94077788820732,2024-01-18 11:00:00,Books,58
1420,user420@example.com,104.30918489577981,2024-01-18 12:00:00,Electronics,45
1421,user421@example.com,79.47232088312767,2024-01-18 13:00:00,Clothing,38
1422,user422@example.com,67.28996117186298,2024-01-18 14:00:00,Home,78
1423,user423@example.com,128.26953912022023,2024-01-18 15:00:00,Electronics,41
1424,user424@example.com,83.36010816371858,2024-01-18 16:00:00,Electronics,37
1425,user425@example.com,105.18624141122976,2024-01-18 17:00:00,Books,54
1426,user426@example.com,118.5677040582576,2024-01-18 18:00:00,Home,31
1427,user427@example.com,83.40368611436887,2024-01-18 19:00:00,Home,35
1428,user428@example.com,82.78845164967021,2024-01-18 20:00:00,Electronics,27
1429,user429@example.com,152.65655207844054,2024-01-18 21:00:00,Home,40
1430,user430@example.com,67.826925953869,2024-01-18 22:00:00,Clothing,76
1431,user431@example.com,92.70461390027607,2024-01-18 23:00:00,Home,68
1432,user432@example.com,76.34741532425693,2024-01-19 00:00:00,Home,51
1433,user433@example.com,77.94435405386778,2024-01-19 01:00:00,Books,18
1434,user434@example.com,110.85968598926884,2024-01-19 02:00:00,Books,75
1435,user435@example.com,76.81509299222698,2024-01-19 03:00:00,Home,25
1436,user436@example.com,116.8535875019087,2024-01-19 04:00:00,Electronics,66
1437,user437@example.com,96.44276817530233,2024-01-19 05:00:00,Books,37
1438,user438@example.com,108.25654249409996,2024-01-19 06:00:00,Home,56
1439,user439@example.com,109.62016343517621,2024-01-19 07:00:00,Home,63
1440,user440@example.com,106.82326286880794,2024-01-19 08:00:00,Home,57
1441,user441@example.com,110.99678283099057,2024-01-19 09:00:00,Home,43
1442,user442@example.com,100.05004445268705,2024-01-19 10:00:00,Clothing,68
1443,user443@example.com,135.02503492559921,2024-01-19 11:00:00,Home,29
1444,user444@example.com,97.92970517924518,2024-01-19 12:00:00,Clothing,55
1445,user445@example.com,70.37537094587003,2024-01-19 13:00:00,Clothing,24
1446,user446@example.com,87.90437022674315,2024-01-19 14:00:00,Home,54
1447,user447@example.com,86.06680364485493,2024-01-19 15:00:00,Clothing,76
1448,user448@example.com,85.03275874220856,2024-01-19 16:00:00,Books,53
1449,user449@example.com,84.77219511136421,2024-01-19 17:00:00,Books,71
1450,user450@example.com,58.22702593073587,2024-01-19 18:00:00,Clothing,72
1451,user451@example.com,61.38564939787477,2024-01-19 19:00:00,Electronics,26
1452,user452@example.com,166.4834440134805,2024-01-19 20:00:00,Home,35
1453,user453@example.com,131.72033827443883,2024-01-19 21:00:00,Home,30
1454,user454@example.com,91.2738395656797,2024-01-19 22:00:00,Clothing,53
1455,user455@example.com,91.40815574663891,2024-01-19 23:00:00,Home,24
1456,user456@example.com,94.03187310753655,2024-01-20 00:00:00,Home,61
1457,user457@example.com,131.45658954054358,2024-01-20 01:00:00,Clothing,52
1458,user458@example.com,105.1758693578837,2024-01-20 02:00:00,Clothing,69
1459,user459@example.com,92.18551481393652,2024-01-20 03:00:00,Electronics,60
1460,user460@example.com,97.75632368902671,2024-01-20 04:00:00,Electronics,64
1461,user461@example.com,84.43995413688116,2024-01-20 05:00:00,Home,76
1462,user462@example.com,121.34510079960886,2024-01-20 06:00:00,Electronics,70
1463,user463@example.com,96.58210522371022,2024-01-20 07:00:00,Clothing,25
1464,user464@example.com,77.30244552292807,2024-01-20 08:00:00,Electronics,31
1465,user465@example.com,118.83243612490713,2024-01-20 09:00:00,Home,45
1466,user466@example.com,84.11026223180286,2024-01-20 10:00:00,Home,25
1467,user467@example.com,116.16353736806519,2024-01-20 11:00:00,Home,29
1468,user468@example.com,133.4993057950735,2024-01-20 12:00:00,Clothing,61
1469,user469@example.com,79.2722334793596,2024-01-20 13:00:00,Home,19
1470,user470@example.com,104.18790615610152,2024-01-20 14:00:00,Books,50
1471,user471@example.com,89.21035804022532,2024-01-20 15:00:00,Clothing,79
1472,user472@example.com,100.93561581246023,2024-01-20 16:00:00,Clothing,64
1473,user473@example.com,85.19074028985662,2024-01-20 17:00:00,Home,74
1474,user474@example.com,89.06043759609462,2024-01-20 18:00:00,Electronics,27
1475,user475@example.com,106.1951365967091,2024-01-20 19:00:00,Home,25
1476,user476@example.com,126.74750873018519,2024-01-20 20:00:00,Home,62
1477,user477@example.com,124.49192604198987,2024-01-20 21:00:00,Clothing,28
1478,user478@example.com,135.08134103381437,2024-01-20 22:00:00,Home,58
1479,user479@example.com,90.84493527608838,2024-01-20 23:00:00,Electronics,79
1480,user480@example.com,54.42306194796532,2024-01-21 00:00:00,Books,51
1481,user481@example.com,77.23321302823302,2024-01-21 01:00:00,Clothing,40
1482,user482@example.com,112.259803352428,2024-01-21 02:00:00,Clothing,55
1483,user483@example.com,106.85602643731887,2024-01-21 03:00:00,Clothing,66
1484,user484@example.com,107.6789554019815,2024-01-21 04:00:00,Clothing,33
1485,user485@example.com,96.18558932044147,2024-01-21 05:00:00,Clothing,61
1486,user486@example.com,98.53248515610336,2024-01-21 06:00:00,Books,67
1487,user487@example.com,55.91763073984174,2024-01-21 07:00:00,Home,62
1488,user488@example.com,95.63159521224235,2024-01-21 08:00:00,Clothing,64
1489,user489@example.com,100.24840835517278,2024-01-21 09:00:00,Books,26
1490,user490@example.com,96.80745765807585,2024-01-21 10:00:00,Clothing,26
1491,user491@example.com,92.32186921435783,2024-01-21 11:00:00,Electronics,32
1492,user492@example.com,101.99280483956066,2024-01-21 12:00:00,Clothing,60
1493,user493@example.com,106.68331958883456,2024-01-21 13:00:00,Books,22
1494,user494@example.com,148.12013286076086,2024-01-21 14:00:00,Home,43
1495,user495@example.com,68.20131295615396,2024-01-21 15:00:00,Electronics,51
1496,user496@example.com,28.022318776508115,2024-01-21 16:00:00,Books,42
1497,user497@example.com,71.279432528699,2024-01-21 17:00:00,Clothing,76
1498,user498@example.com,98.13188428456648,2024-01-21 18:00:00,Books,65
1499,user499@example.com,130.51238188709254,2024-01-21 19:00:00,Electronics,19
1500,user500@example.com,132.67785599337708,2024-01-21 20:00:00,Clothing,46
1501,user501@example.com,137.48925548377028,2024-01-21 21:00:00,Electronics,49
1502,user502@example.com,69.85280265486293,2024-01-21 22:00:00,Books,64
1503,user503@example.com,62.67290116957731,2024-01-21 23:00:00,Electronics,32
1504,user504@example.com,53.572141419380095,2024-01-22 00:00:00,Home,27
1505,user505@example.com,128.42257942097555,2024-01-22 01:00:00,Clothing,76
1506,user506@example.com,111.73950544562283,2024-01-22 02:00:00,Books,38
1507,user507@example.com,129.9334120497652,2024-01-22 03:00:00,Home,73
1508,user508@example.com,116.83408777459846,2024-01-22 04:00:00,Clothing,55
1509,user509@example.com,34.513339844543395,2024-01-22 05:00:00,Clothing,27
1510,user510@example.com,125.30269392466653,2024-01-22 06:00:00,Home,60
1511,user511@example.com,77.00790813977426,2024-01-22 07:00:00,Clothing,52
1512,user512@example.com,114.33370024118267,2024-01-22 08:00:00,Home,33
1513,user513@example.com,132.05346539711303,2024-01-22 09:00:00,Electronics,46
1514,user514@example.com,69.05143375662045,2024-01-22 10:00:00,Books,53
1515,user515@example.com,111.7385955785218,2024-01-22 11:00:00,Books,45
1516,user516@example.com,145.73700915774924,2024-01-22 12:00:00,Home,19
1517,user517@example.com,115.6467629126316,2024-01-22 13:00:00,Clothing,57
1518,user518@example.com,134.26732618603566,2024-01-22 14:00:00,Home,59
1519,user519@example.com,72.71377097257363,2024-01-22 15:00:00,Books,30
1520,user520@example.com,89.14312922562179,2024-01-22 16:00:00,Home,55
1521,user521@example.com,76.78106163894358,2024-01-22 17:00:00,Books,67
1522,user522@example.com,61.12141072679114,2024-01-22 18:00:00,Home,47
1523,user523@example.com,95.13418286658185,2024-01-22 19:00:00,Clothing,20
1524,user524@example.com,154.8019421981471,2024-01-22 20:00:00,Clothing,64
1525,user525@example.com,92.53746585755061,2024-01-22 21:00:00,Clothing,36
1526,user526@example.com,129.3502829038579,2024-01-22 22:00:00,Electronics,37
1527,user527@example.com,104.75408731985291,2024-01-22 23:00:00,Clothing,40
1528,user528@example.com,106.85987673426445,2024-01-23 00:00:00,Home,24
1529,user529@example.com,84.2902703598404,2024-01-23 01:00:00,Electronics,71
1530,user530@example.com,96.14411019048072,2024-01-23 02:00:00,Home,34
1531,user531@example.com,36.28076375758792,2024-01-23 03:00:00,Clothing,25
1532,user532@example.com,102.35413235272505,2024-01-23 04:00:00,Electronics,75
1533,user533@example.com,115.23044814464056,2024-01-23 05:00:00,Books,49
1534,user534@example.com,120.01111484721127,2024-01-23 06:00:00,Books,44
1535,user535@example.com,91.45622004411413,2024-01-23 07:00:00,Electronics,77
1536,user536@example.com,119.52574297188332,2024-01-23 08:00:00,Clothing,53
1537,user537@example.com,82.43318211993807,2024-01-23 09:00:00,Electronics,55
1538,user538@example.com,102.35301988723972,2024-01-23 10:00:00,Clothing,77
1539,user539@example.com,120.77325446319298,2024-01-23 11:00:00,Home,45
1540,user540@example.com,146.88141379927407,2024-01-23 12:00:00,Clothing,23
1541,user541@example.com,102.66506306498371,2024-01-23 13:00:00,Books,76
1542,user542@example.com,76.38833708252125,2024-01-23 14:00:00,Electronics,48
1543,user543@example.com,73.71066240758704,2024-01-23 15:00:00,Home,60
1544,user544@example.com,98.8046657045078,2024-01-23 16:00:00,Home,42
1545,user545@example.com,53.648704646764344,2024-01-23 17:00:00,Books,37
1546,user546@example.com,99.03979130708252,2024-01-23 18:00:00,Home,27
1547,user547@example.com,83.84754069660801,2024-01-23 19:00:00,Books,68
1548,user548@example.com,81.08822281029603,2024-01-23 20:00:00,Home,42
1549,user549@example.com,92.3428931277529,2024-01-23 21:00:00,Electronics,31
1550,user550@example.com,98.89635789479787,2024-01-23 22:00:00,Books,20
1551,user551@example.com,116.50755595254158,2024-01-23 23:00:00,Clothing,67
1552,user552@example.com,99.87792410922202,2024-01-24 00:00:00,Home,61
1553,user553@example.com,72.6729814785654,2024-01-24 01:00:00,Home,50
1554,user554@example.com,97.67681479077412,2024-01-24 02:00:00,Books,40
1555,user555@example.com,96.56872430623018,2024-01-24 03:00:00,Clothing,76
1556,user556@example.com,73.89726827272206,2024-01-24 04:00:00,Electronics,29
1557,user557@example.com,89.01041071255713,2024-01-24 05:00:00,Clothing,39
1558,user558@example.com,92.30391973513895,2024-01-24 06:00:00,Home,23
1559,user559@example.com,110.45670438309817,2024-01-24 07:00:00,Clothing,70
1560,user560@example.com,95.48451255918431,2024-01-24 08:00:00,Home,21
1561,user561@example.com,85.25795880629323,2024-01-24 09:00:00,Home,48
1562,user562@example.com,77.50489830397915,2024-01-24 10:00:00,Home,57
1563,user563@example.com,48.655202722856686,2024-01-24 11:00:00,Home,48
1564,user564@example.com,36.86932187379776,2024-01-24 12:00:00,Clothing,66
1565,user565@example.com,122.52119455766234,2024-01-24 13:00:00,Electronics,66
1566,user566@example.com,90.98559945510206,2024-01-24 14:00:00,Home,27
1567,user567@example.com,123.02557794285003,2024-01-24 15:00:00,Clothing,60
1568,user568@example.com,89.55223313627033,2024-01-24 16:00:00,Home,66
1569,user569@example.com,105.28526316286647,2024-01-24 17:00:00,Clothing,53
1570,user570@example.com,94.19720467867076,2024-01-24 18:00:00,Books,18
1571,user571@example.com,125.65301950301804,2024-01-24 19:00:00,Electronics,55
1572,user572@example.com,64.98340758445241,2024-01-24 20:00:00,Home,69
1573,user573@example.com,122.66488160326938,2024-01-24 21:00:00,Home,54
1574,user574@example.com,147.63310209207236,2024-01-24 22:00:00,Clothing,78
1575,user575@example.com,121.48690150230173,2024-01-24 23:00:00,Home,44
1576,user576@example.com,87.06526952109189,2024-01-25 00:00:00,Electronics,43
1577,user577@example.com,105.43299364487572,2024-01-25 01:00:00,Clothing,68
1578,user578@example.com,40.727400108246506,2024-01-25 02:00:00,Home,39
1579,user579@example.com,69.4357808198613,2024-01-25 03:00:00,Electronics,27
1580,user580@example.com,138.04423577709733,2024-01-25 04:00:00,Books,54
1581,user581@example.com,116.96465736279629,2024-01-25 05:00:00,Home,30
1582,user582@example.com,119.06700932924043,2024-01-25 06:00:00,Books,74
1583,user583@example.com,107.71680824102705,2024-01-25 07:00:00,Clothing,67
1584,user584@example.com,120.1835498390108,2024-01-25 08:00:00,Home,67
1585,user585@example.com,111.01276053351808,2024-01-25 09:00:00,Home,21
1586,user586@example.com,120.28319412722735,2024-01-25 10:00:00,Books,46
1587,user587@example.com,96.50197437576568,2024-01-25 11:00:00,Home,35
1588,user588@example.com,121.13537211943334,2024-01-25 12:00:00,Electronics,61
1589,user589@example.com,78.00601221673415,2024-01-25 13:00:00,Books,52
1590,user590@example.com,109.51018224077376,2024-01-25 14:00:00,Books,58
1591,user591@example.com,107.70839669116059,2024-01-25 15:00:00,Home,61
1592,user592@example.com,75.47350628535366,2024-01-25 16:00:00,Books,51
1593,user593@example.com,42.276395653873145,2024-01-25 17:00:00,Electronics,69
1594,user594@example.com,164.43533817689962,2024-01-25 18:00:00,Home,62
1595,user595@example.com,85.81661317477356,2024-01-25 19:00:00,Electronics,49
1596,user596@example.com,71.56114953433564,2024-01-25 20:00:00,Books,26
1597,user597@example.com,74.87403469898467,2024-01-25 21:00:00,Clothing,22
1598,user598@example.com,94.65821055055163,2024-01-25 22:00:00,Home,41
1599,user599@example.com,130.56464094766883,2024-01-25 23:00:00,Home,51
1600,user600@example.com,119.89504824232907,2024-01-26 00:00:00,Electronics,34
1601,user601@example.com,129.19204138189522,2024-01-26 01:00:00,Clothing,63
1602,user602@example.com,71.02292678416595,2024-01-26 02:00:00,Clothing,29
1603,user603@example.com,112.46083938567519,2024-01-26 03:00:00,Clothing,76
1604,user604@example.com,75.01235687843008,2024-01-26 04:00:00,Electronics,73
1605,user605@example.com,106.89503192429173,2024-01-26 05:00:00,Electronics,51
1606,user606@example.com,142.27505397532448,2024-01-26 06:00:00,Clothing,67
1607,user607@example.com,48.60457928556649,2024-01-26 07:00:00,Electronics,71
1608,user608@example.com,111.29073573246232,2024-01-26 08:00:00,Home,67
1609,user609@example.com,77.69316794892245,2024-01-26 09:00:00,Clothing,27
1610,user610@example.com,76.7358697443812,2024-01-26 10:00:00,Electronics,45
1611,user611@example.com,76.51435407370997,2024-01-26 11:00:00,Clothing,66
1612,user612@example.com,110.36930093014408,2024-01-26 12:00:00,Home,72
1613,user613@example.com,128.30280236502838,2024-01-26 13:00:00,Clothing,27
1614,user614@example.com,81.87517485842307,2024-01-26 14:00:00,Electronics,54
1615,user615@example.com,114.39305709307526,2024-01-26 15:00:00,Electronics,41
1616,user616@example.com,85.44841566666376,2024-01-26 16:00:00,Clothing,33
1617,user617@example.com,83.40510867815266,2024-01-26 17:00:00,Clothing,27
1618,user618@example.com,81.33988594977474,2024-01-26 18:00:00,Clothing,30
1619,user619@example.com,99.39483451666759,2024-01-26 19:00:00,Home,36
1620,user620@example.com,106.95135940429729,2024-01-26 20:00:00,Books,70
1621,user621@example.com,96.21151126911542,2024-01-26 21:00:00,Electronics,75
1622,user622@example.com,106.73967940385018,2024-01-26 22:00:00,Books,34
1623,user623@example.com,77.31880059877133,2024-01-26 23:00:00,Electronics,71
1624,user624@example.com,129.39511451383814,2024-01-27 00:00:00,Home,70
1625,user625@example.com,111.1693221457973,2024-01-27 01:00:00,Electronics,59
1626,user626@example.com,96.23425899039191,2024-01-27 02:00:00,Books,72
1627,user627@example.com,96.42621106225273,2024-01-27 03:00:00,Electronics,56
1628,user628@example.com,82.65101691891775,2024-01-27 04:00:00,Home,56
1629,user629@example.com,18.343556194187755,2024-01-27 05:00:00,Books,77
1630,user630@example.com,73.42389133082,2024-01-27 06:00:00,Books,67
1631,user631@example.com,99.71962866368925,2024-01-27 07:00:00,Books,27
1632,user632@example.com,77.6752839232779,2024-01-27 08:00:00,Home,53
1633,user633@example.com,96.71172403500671,2024-01-27 09:00:00,Clothing,62
1634,user634@example.com,125.29882560711152,2024-01-27 10:00:00,Clothing,55
1635,user635@example.com,92.04422592492723,2024-01-27 11:00:00,Books,71
1636,user636@example.com,90.01787459960735,2024-01-27 12:00:00,Books,65
1637,user637@example.com,112.99276436433091,2024-01-27 13:00:00,Clothing,71
1638,user638@example.com,85.06828904341103,2024-01-27 14:00:00,Home,28
1639,user639@example.com,149.69194468246337,2024-01-27 15:00:00,Books,30
1640,user640@example.com,82.18061913054203,2024-01-27 16:00:00,Clothing,27
1641,user641@example.com,90.08616780821924,2024-01-27 17:00:00,Clothing,39
1642,user642@example.com,85.91800568653004,2024-01-27 18:00:00,Clothing,32
1643,user643@example.com,134.48901132967478,2024-01-27 19:00:00,Electronics,64
1644,user644@example.com,64.05494681474494,2024-01-27 20:00:00,Clothing,47
1645,user645@example.com,142.33993698958815,2024-01-27 21:00:00,Books,39
1646,user646@example.com,109.8699999349347,2024-01-27 22:00:00,Books,36
1647,user647@example.com,122.7911819952089,2024-01-27 23:00:00,Electronics,41
1648,user648@example.com,88.53657962619262,2024-01-28 00:00:00,Home,43
1649,user649@example.com,104.4199144449949,2024-01-28 01:00:00,Electronics,19
1650,user650@example.com,128.8029963329824,2024-01-28 02:00:00,Electronics,45
1651,user651@example.com,83.83865465608977,2024-01-28 03:00:00,Books,64
1652,user652@example.com,80.2311732564048,2024-01-28 04:00:00,Clothing,70
1653,user653@example.com,108.53644682039148,2024-01-28 05:00:00,Clothing,23
1654,user654@example.com,119.85437051631678,2024-01-28 06:00:00,Books,50
1655,user655@example.com,115.35669717117042,2024-01-28 07:00:00,Electronics,77
1656,user656@example.com,172.38512348495692,2024-01-28 08:00:00,Clothing,21
1657,user657@example.com,75.36312839997152,2024-01-28 09:00:00,Books,75
1658,user658@example.com,103.52359439853073,2024-01-28 10:00:00,Books,27
1659,user659@example.com,99.09440371800189,2024-01-28 11:00:00,Electronics,42
1660,user660@example.com,96.13345497177302,2024-01-28 12:00:00,Clothing,68
1661,user661@example.com,99.5389886848675,2024-01-28 13:00:00,Home,54
1662,user662@example.com,136.7153364003908,2024-01-28 14:00:00,Electronics,32
1663,user663@example.com,96.74806330676002,2024-01-28 15:00:00,Home,40
1664,user664@example.com,122.05888231129646,2024-01-28 16:00:00,Electronics,79
1665,user665@example.com,110.36214093754988,2024-01-28 17:00:00,Home,64
1666,user666@example.com,72.87499137491375,2024-01-28 18:00:00,Electronics,38
1667,user667@example.com,98.83913647277157,2024-01-28 19:00:00,Clothing,54
1668,user668@example.com,101.66028562139509,2024-01-28 20:00:00,Home,52
1669,user669@example.com,75.6562642513685,2024-01-28 21:00:00,Books,26
1670,user670@example.com,69.22966050640198,2024-01-28 22:00:00,Home,74
1671,user671@example.com,111.63700466242567,2024-01-28 23:00:00,Home,30
1672,user672@example.com,110.68012187083207,2024-01-29 00:00:00,Books,69
1673,user673@example.com,91.6900422845452,2024-01-29 01:00:00,Electronics,47
1674,user674@example.com,73.9577447580566,2024-01-29 02:00:00,Clothing,50
1675,user675@example.com,114.22983862636153,2024-01-29 03:00:00,Electronics,35
1676,user676@example.com,74.89517164956558,2024-01-29 04:00:00,Books,44
1677,user677@example.com,53.869730598769586,2024-01-29 05:00:00,Home,20
1678,user678@example.com,73.07348086553687,2024-01-29 06:00:00,Clothing,26
1679,user679@example.com,101.98557878252198,2024-01-29 07:00:00,Home,67
1680,user680@example.com,63.475397318348605,2024-01-29 08:00:00,Books,44
1681,user681@example.com,154.17944886305406,2024-01-29 09:00:00,Books,40
1682,user682@example.com,124.69246109787707,2024-01-29 10:00:00,Electronics,30
1683,user683@example.com,106.77811700590381,2024-01-29 11:00:00,Electronics,39
1684,user684@example.com,114.35883018464955,2024-01-29 12:00:00,Books,33
1685,user685@example.com,62.205100001002386,2024-01-29 13:00:00,Books,19
1686,user686@example.com,100.08121086384328,2024-01-29 14:00:00,Clothing,59
1687,user687@example.com,125.76854553502278,2024-01-29 15:00:00,Home,37
1688,user688@example.com,96.33517669531054,2024-01-29 16:00:00,Books,74
1689,user689@example.com,109.53580481538658,2024-01-29 17:00:00,Home,63
1690,user690@example.com,103.87693241527117,2024-01-29 18:00:00,Books,58
1691,user691@example.com,78.32041961169017,2024-01-29 19:00:00,Home,25
1692,user692@example.com,142.86278557373686,2024-01-29 20:00:00,Clothing,24
1693,user693@example.com,127.2052228023874,2024-01-29 21:00:00,Home,23
1694,user694@example.com,153.53272826792656,2024-01-29 22:00:00,Clothing,51
1695,user695@example.com,70.29071364247822,2024-01-29 23:00:00,Books,61
1696,user696@example.com,129.13238489297487,2024-01-30 00:00:00,Electronics,56
1697,user697@example.com,104.32570741935089,2024-01-30 01:00:00,Electronics,50
1698,user698@example.com,105.5164408659834,2024-01-30 02:00:00,Electronics,27
1699,user699@example.com,84.49236970762699,2024-01-30 03:00:00,Electronics,29
1700,user700@example.com,157.6759291054421,2024-01-30 04:00:00,Home,36
1701,user701@example.com,88.43468427289226,2024-01-30 05:00:00,Books,70
1702,user702@example.com,62.82016625551043,2024-01-30 06:00:00,Clothing,40
1703,user703@example.com,116.41602980578635,2024-01-30 07:00:00,Home,65
1704,user704@example.com,102.31308994562845,2024-01-30 08:00:00,Electronics,76
1705,user705@example.com,102.76089302919965,2024-01-30 09:00:00,Books,41
1706,user706@example.com,93.2050361273357,2024-01-30 10:00:00,Electronics,38
1707,user707@example.com,90.92475479743085,2024-01-30 11:00:00,Clothing,69
1708,user708@example.com,97.38093064279852,2024-01-30 12:00:00,Home,40
1709,user709@example.com,121.13839959417372,2024-01-30 13:00:00,Books,34
1710,user710@example.com,133.24253014718778,2024-01-30 14:00:00,Home,72
1711,user711@example.com,75.55580539224886,2024-01-30 15:00:00,Home,30
1712,user712@example.com,84.009442558984,2024-01-30 16:00:00,Clothing,39
1713,user713@example.com,109.4838049502933,2024-01-30 17:00:00,Home,69
1714,user714@example.com,100.26847412070462,2024-01-30 18:00:00,Books,57
1715,user715@example.com,91.89479231372111,2024-01-30 19:00:00,Books,63
1716,user716@example.com,113.2069516830721,2024-01-30 20:00:00,Clothing,63
1717,user717@example.com,96.03592017979237,2024-01-30 21:00:00,Books,39
1718,user718@example.com,102.00417112812235,2024-01-30 22:00:00,Electronics,41
1719,user719@example.com,38.97944897875456,2024-01-30 23:00:00,Electronics,50
1720,user720@example.com,138.17564446706098,2024-01-31 00:00:00,Electronics,71
1721,user721@example.com,99.27413299044359,2024-01-31 01:00:00,Books,33
1722,user722@example.com,92.27773978598712,2024-01-31 02:00:00,Books,30
1723,user723@example.com,63.41204990973154,2024-01-31 03:00:00,Books,34
1724,user724@example.com,158.4687123884463,2024-01-31 04:00:00,Books,22
1725,user725@example.com,72.93093222366392,2024-01-31 05:00:00,Electronics,57
1726,user726@example.com,132.1938349702723,2024-01-31 06:00:00,Home,38
1727,user727@example.com,59.915641484671944,2024-01-31 07:00:00,Electronics,77
1728,user728@example.com,62.89864195401207,2024-01-31 08:00:00,Home,23
1729,user729@example.com,74.87150042196404,2024-01-31 09:00:00,Books,30
1730,user730@example.com,136.5929679470504,2024-01-31 10:00:00,Clothing,71
1731,user731@example.com,112.98285062399319,2024-01-31 11:00:00,Electronics,47
1732,user732@example.com,126.6232209243548,2024-01-31 12:00:00,Electronics,58
1733,user733@example.com,129.11019567554825,2024-01-31 13:00:00,Home,22
1734,user734@example.com,135.2153327688556,2024-01-31 14:00:00,Home,49
1735,user735@example.com,68.69143356853543,2024-01-31 15:00:00,Electronics,74
1736,user736@example.com,110.2267235731532,2024-01-31 16:00:00,Books,48
1737,user737@example.com,129.86714777874116,2024-01-31 17:00:00,Home,19
1738,user738@example.com,77.74529367357798,2024-01-31 18:00:00,Electronics,27
1739,user739@example.com,138.53510867483647,2024-01-31 19:00:00,Clothing,69
1740,user740@example.com,88.44285180898599,2024-01-31 20:00:00,Home,39
1741,user741@example.com,98.29912656504865,2024-01-31 21:00:00,Electronics,62
1742,user742@example.com,131.69458337571524,2024-01-31 22:00:00,Electronics,53
1743,user743@example.com,155.2184994757966,2024-01-31 23:00:00,Home,33
1744,user744@example.com,103.86307955140052,2024-02-01 00:00:00,Home,58
1745,user745@example.com,79.77972081489173,2024-02-01 01:00:00,Clothing,75
1746,user746@example.com,105.7546045072238,2024-02-01 02:00:00,Electronics,27
1747,user747@example.com,103.57005390566145,2024-02-01 03:00:00,Home,25
1748,user748@example.com,82.08689800294748,2024-02-01 04:00:00,Books,29
1749,user749@example.com,106.53645843832302,2024-02-01 05:00:00,Electronics,36
1750,user750@example.com,98.47059201454897,2024-02-01 06:00:00,Electronics,58
1751,user751@example.com,82.06110793847989,2024-02-01 07:00:00,Clothing,44
1752,user752@example.com,95.17351105768766,2024-02-01 08:00:00,Books,28
1753,user753@example.com,63.35044360786037,2024-02-01 09:00:00,Home,20
1754,user754@example.com,115.00162060951513,2024-02-01 10:00:00,Home,49
1755,user755@example.com,95.75244412262415,2024-02-01 11:00:00,Clothing,21
1756,user756@example.com,121.67485524545836,2024-02-01 12:00:00,Clothing,49
1757,user757@example.com,75.20317261626789,2024-02-01 13:00:00,Clothing,53
1758,user758@example.com,108.2761014317931,2024-02-01 14:00:00,Books,29
1759,user759@example.com,126.51332306579364,2024-02-01 15:00:00,Clothing,44
1760,user760@example.com,124.32426965602885,2024-02-01 16:00:00,Books,29
1761,user761@example.com,82.68760569555856,2024-02-01 17:00:00,Electronics,38
1762,user762@example.com,86.19836424871392,2024-02-01 18:00:00,Books,63
1763,user763@example.com,121.88948557006516,2024-02-01 19:00:00,Electronics,79
1764,user764@example.com,135.8205131374263,2024-02-01 20:00:00,Clothing,53
1765,user765@example.com,88.60280333136325,2024-02-01 21:00:00,Books,77
1766,user766@example.com,101.72406046099783,2024-02-01 22:00:00,Electronics,43
1767,user767@example.com,90.18945882760435,2024-02-01 23:00:00,Home,51
1768,user768@example.com,69.69165948180589,2024-02-02 00:00:00,Home,51
1769,user769@example.com,122.88364270585095,2024-02-02 01:00:00,Electronics,64
1770,user770@example.com,99.59231682562685,2024-02-02 02:00:00,Books,37
1771,user771@example.com,114.53245467476313,2024-02-02 03:00:00,Home,37
1772,user772@example.com,113.12891825326733,2024-02-02 04:00:00,Books,45
1773,user773@example.com,132.90475356932097,2024-02-02 05:00:00,Clothing,64
1774,user774@example.com,90.77580460835229,2024-02-02 06:00:00,Clothing,71
1775,user775@example.com,93.81319682219156,2024-02-02 07:00:00,Clothing,66
1776,user776@example.com,64.17333638284163,2024-02-02 08:00:00,Electronics,66
1777,user777@example.com,170.58482507761448,2024-02-02 09:00:00,Home,27
1778,user778@example.com,86.04046647787284,2024-02-02 10:00:00,Books,64
1779,user779@example.com,137.11804634402068,2024-02-02 11:00:00,Clothing,68
1780,user780@example.com,69.03196919141516,2024-02-02 12:00:00,Home,72
1781,user781@example.com,75.38543689703002,2024-02-02 13:00:00,Home,61
1782,user782@example.com,77.14875123815582,2024-02-02 14:00:00,Clothing,68
1783,user783@example.com,118.12342571511826,2024-02-02 15:00:00,Clothing,27
1784,user784@example.com,97.59975615958352,2024-02-02 16:00:00,Clothing,52
1785,user785@example.com,83.8864532861745,2024-02-02 17:00:00,Books,79
1786,user786@example.com,25.81158082070226,2024-02-02 18:00:00,Books,37
1787,user787@example.com,111.90982694167096,2024-02-02 19:00:00,Clothing,59
1788,user788@example.com,59.41919018813155,2024-02-02 20:00:00,Home,36
1789,user789@example.com,71.59463037329283,2024-02-02 21:00:00,Home,76
1790,user790@example.com,77.41748383570433,2024-02-02 22:00:00,Electronics,37
1791,user791@example.com,119.06743233242992,2024-02-02 23:00:00,Books,53
1792,user792@example.com,118.58784679694381,2024-02-03 00:00:00,Electronics,67
1793,user793@example.com,101.06224062919927,2024-02-03 01:00:00,Electronics,70
1794,user794@example.com,80.50544054342481,2024-02-03 02:00:00,Clothing,52
1795,user795@example.com,122.8142256903952,2024-02-03 03:00:00,Books,63
1796,user796@example.com,77.4349313183077,2024-02-03 04:00:00,Home,73
1797,user797@example.com,129.11652069466928,2024-02-03 05:00:00,Electronics,63
1798,user798@example.com,121.68259604688026,2024-02-03 06:00:00,Clothing,29
1799,user799@example.com,104.51218794135086,2024-02-03 07:00:00,Home,59
1800,user800@example.com,49.84855186577,2024-02-03 08:00:00,Clothing,46
1801,user801@example.com,40.72890818892761,2024-02-03 09:00:00,Home,36
1802,user802@example.com,121.07093841686603,2024-02-03 10:00:00,Books,47
1803,user803@example.com,93.82759520483413,2024-02-03 11:00:00,Home,23
1804,user804@example.com,120.97790594243874,2024-02-03 12:00:00,Clothing,79
1805,user805@example.com,101.72247268966076,2024-02-03 13:00:00,Clothing,32
1806,user806@example.com,137.7335763185459,2024-02-03 14:00:00,Books,25
1807,user807@example.com,91.02755076480908,2024-02-03 15:00:00,Electronics,30
1808,user808@example.com,112.17865243860427,2024-02-03 16:00:00,Home,60
1809,user809@example.com,92.9922100907355,2024-02-03 17:00:00,Books,29
1810,user810@example.com,122.487539633472,2024-02-03 18:00:00,Clothing,41
1811,user811@example.com,107.99934435749833,2024-02-03 19:00:00,Clothing,48
1812,user812@example.com,165.06913370538126,2024-02-03 20:00:00,Clothing,44
1813,user813@example.com,58.90771547395117,2024-02-03 21:00:00,Home,42
1814,user814@example.com,124.9737637033546,2024-02-03 22:00:00,Home,49
1815,user815@example.com,72.67803875155656,2024-02-03 23:00:00,Clothing,57
1816,user816@example.com,66.53848313527004,2024-02-04 00:00:00,Clothing,24
1817,user817@example.com,74.37811205263479,2024-02-04 01:00:00,Books,67
1818,user818@example.com,101.79821902998867,2024-02-04 02:00:00,Home,57
1819,user819@example.com,111.33413163780818,2024-02-04 03:00:00,Clothing,52
1820,user820@example.com,74.6766139937314,2024-02-04 04:00:00,Clothing,74
1821,user821@example.com,114.04658818042472,2024-02-04 05:00:00,Books,75
1822,user822@example.com,57.99588720586717,2024-02-04 06:00:00,Books,68
1823,user823@example.com,122.41741304508395,2024-02-04 07:00:00,Books,26
1824,user824@example.com,68.26291309018688,2024-02-04 08:00:00,Clothing,52
1825,user825@example.com,75.46588966612958,2024-02-04 09:00:00,Electronics,59
1826,user826@example.com,126.68115598036233,2024-02-04 10:00:00,Clothing,34
1827,user827@example.com,65.72010717636635,2024-02-04 11:00:00,Home,67
1828,user828@example.com,101.36461534128328,2024-02-04 12:00:00,Books,42
1829,user829@example.com,124.58341419217135,2024-02-04 13:00:00,Clothing,58
1830,user830@example.com,101.6917834342632,2024-02-04 14:00:00,Books,44
1831,user831@example.com,141.51208685034186,2024-02-04 15:00:00,Books,37
1832,user832@example.com,96.0692692728077,2024-02-04 16:00:00,Clothing,56
1833,user833@example.com,99.33687813204693,2024-02-04 17:00:00,Clothing,42
1834,user834@example.com,98.09113958132525,2024-02-04 18:00:00,Home,58
1835,user835@example.com,93.34291839231413,2024-02-04 19:00:00,Home,36
1836,user836@example.com,132.25166762398678,2024-02-04 20:00:00,Home,31
1837,user837@example.com,91.55381133053429,2024-02-04 21:00:00,Clothing,31
1838,user838@example.com,143.9084425108109,2024-02-04 22:00:00,Books,27
1839,user839@example.com,56.84911728863621,2024-02-04 23:00:00,Home,25
1840,user840@example.com,95.66087952460737,2024-02-05 00:00:00,Home,40
1841,user841@example.com,93.93075623545563,2024-02-05 01:00:00,Books,74
1842,user842@example.com,83.93802490417083,2024-02-05 02:00:00,Clothing,28
1843,user843@example.com,100.65333665495449,2024-02-05 03:00:00,Books,74
1844,user844@example.com,77.99365627960142,2024-02-05 04:00:00,Electronics,22
1845,user845@example.com,108.33083367675623,2024-02-05 05:00:00,Electronics,57
1846,user846@example.com,94.18868154988608,2024-02-05 06:00:00,Home,22
1847,user847@example.com,120.78834496365855,2024-02-05 07:00:00,Clothing,33
1848,user848@example.com,116.56321780357655,2024-02-05 08:00:00,Home,20
1849,user849@example.com,89.81498975317791,2024-02-05 09:00:00,Electronics,79
1850,user850@example.com,94.31325921556515,2024-02-05 10:00:00,Electronics,45
1851,user851@example.com,97.97511227904603,2024-02-05 11:00:00,Home,71
1852,user852@example.com,125.9301907852103,2024-02-05 12:00:00,Home,56
1853,user853@example.com,113.52346669193376,2024-02-05 13:00:00,Home,59
1854,user854@example.com,111.04964850429263,2024-02-05 14:00:00,Clothing,42
1855,user855@example.com,93.80054928674205,2024-02-05 15:00:00,Clothing,77
1856,user856@example.com,124.04133617259652,2024-02-05 16:00:00,Clothing,56
1857,user857@example.com,81.71243343230498,2024-02-05 17:00:00,Electronics,19
1858,user858@example.com,80.01334982124983,2024-02-05 18:00:00,Books,73
1859,user859@example.com,138.77437231853872,2024-02-05 19:00:00,Clothing,61
1860,user860@example.com,70.80237203311029,2024-02-05 20:00:00,Clothing,24
1861,user861@example.com,101.49879767506998,2024-02-05 21:00:00,Clothing,31
1862,user862@example.com,86.6067100856134,2024-02-05 22:00:00,Clothing,60
1863,user863@example.com,158.3020699774447,2024-02-05 23:00:00,Books,59
1864,user864@example.com,138.27229461377885,2024-02-06 00:00:00,Clothing,28
1865,user865@example.com,93.1957506791667,2024-02-06 01:00:00,Clothing,20
1866,user866@example.com,99.51256420357682,2024-02-06 02:00:00,Clothing,27
1867,user867@example.com,74.38399025251078,2024-02-06 03:00:00,Clothing,22
1868,user868@example.com,147.33273337215869,2024-02-06 04:00:00,Books,47
1869,user869@example.com,88.52047921038638,2024-02-06 05:00:00,Clothing,44
1870,user870@example.com,82.45230845386281,2024-02-06 06:00:00,Home,43
1871,user871@example.com,104.47740843720099,2024-02-06 07:00:00,Books,54
1872,user872@example.com,110.48847943875457,2024-02-06 08:00:00,Books,55
1873,user873@example.com,135.41243740056947,2024-02-06 09:00:00,Clothing,48
1874,user874@example.com,117.77596658919197,2024-02-06 10:00:00,Clothing,48
1875,user875@example.com,97.07422628213662,2024-02-06 11:00:00,Electronics,64
1876,user876@example.com,94.52981638713163,2024-02-06 12:00:00,Home,62
1877,user877@example.com,78.03501919039994,2024-02-06 13:00:00,Electronics,52
1878,user878@example.com,103.02818070016981,2024-02-06 14:00:00,Home,70
1879,user879@example.com,133.28458297080007,2024-02-06 15:00:00,Electronics,75
1880,user880@example.com,128.2738935264708,2024-02-06 16:00:00,Home,45
1881,user881@example.com,102.38904815255864,2024-02-06 17:00:00,Clothing,66
1882,user882@example.com,115.13822343008799,2024-02-06 18:00:00,Books,31
1883,user883@example.com,95.05905289032331,2024-02-06 19:00:00,Electronics,68
1884,user884@example.com,109.03409276227956,2024-02-06 20:00:00,Electronics,55
1885,user885@example.com,106.75941301692907,2024-02-06 21:00:00,Books,74
1886,user886@example.com,28.494795790366027,2024-02-06 22:00:00,Home,70
1887,user887@example.com,112.56882630215975,2024-02-06 23:00:00,Clothing,69
1888,user888@example.com,96.92809157577344,2024-02-07 00:00:00,Clothing,37
1889,user889@example.com,98.15697268054817,2024-02-07 01:00:00,Home,37
1890,user890@example.com,102.11751604839039,2024-02-07 02:00:00,Home,64
1891,user891@example.com,89.20739357808053,2024-02-07 03:00:00,Electronics,76
1892,user892@example.com,91.25993864915498,2024-02-07 04:00:00,Clothing,59
1893,user893@example.com,119.59872781837528,2024-02-07 05:00:00,Clothing,58
1894,user894@example.com,78.00726253963717,2024-02-07 06:00:00,Clothing,56
1895,user895@example.com,86.63334571623822,2024-02-07 07:00:00,Clothing,34
1896,user896@example.com,77.31609219029178,2024-02-07 08:00:00,Clothing,29
1897,user897@example.com,124.56176972153703,2024-02-07 09:00:00,Home,62
1898,user898@example.com,64.74819951400252,2024-02-07 10:00:00,Clothing,36
1899,user899@example.com,86.23934445457601,2024-02-07 11:00:00,Clothing,55
1900,user900@example.com,99.96466087232498,2024-02-07 12:00:00,Books,51
1901,user901@example.com,77.0165838924789,2024-02-07 13:00:00,Books,42
1902,user902@example.com,97.67523827636907,2024-02-07 14:00:00,Electronics,38
1903,user903@example.com,97.25382376259948,2024-02-07 15:00:00,Clothing,32
1904,user904@example.com,138.45385914273893,2024-02-07 16:00:00,Books,67
1905,user905@example.com,131.50887078677258,2024-02-07 17:00:00,Clothing,70
1906,user906@example.com,97.21729365111536,2024-02-07 18:00:00,Electronics,67
1907,user907@example.com,117.89320078816979,2024-02-07 19:00:00,Clothing,39
1908,user908@example.com,78.71086528205812,2024-02-07 20:00:00,Books,65
1909,user909@example.com,70.28842420519646,2024-02-07 21:00:00,Clothing,42
1910,user910@example.com,130.03041902173888,2024-02-07 22:00:00,Electronics,30
1911,user911@example.com,64.65664202441891,2024-02-07 23:00:00,Books,21
1912,user912@example.com,105.91891271238062,2024-02-08 00:00:00,Home,71
1913,user913@example.com,100.90001417294475,2024-02-08 01:00:00,Home,56
1914,user914@example.com,91.78774006028426,2024-02-08 02:00:00,Electronics,71
1915,user915@example.com,141.76009041633074,2024-02-08 03:00:00,Books,21
1916,user916@example.com,93.35473819508645,2024-02-08 04:00:00,Home,79
1917,user917@example.com,125.69503785575137,2024-02-08 05:00:00,Electronics,75
1918,user918@example.com,115.74219984215081,2024-02-08 06:00:00,Clothing,76
1919,user919@example.com,134.2772665223253,2024-02-08 07:00:00,Books,49
1920,user920@example.com,129.58284157931953,2024-02-08 08:00:00,Electronics,60
1921,user921@example.com,82.51257428804469,2024-02-08 09:00:00,Books,73
1922,user922@example.com,126.32980603305342,2024-02-08 10:00:00,Clothing,36
1923,user923@example.com,105.04108876689166,2024-02-08 11:00:00,Home,22
1924,user924@example.com,135.7770051310946,2024-02-08 12:00:00,Clothing,44
1925,user925@example.com,108.4766310403578,2024-02-08 13:00:00,Clothing,64
1926,user926@example.com,76.4347023129776,2024-02-08 14:00:00,Electronics,33
1927,user927@example.com,74.88047655847284,2024-02-08 15:00:00,Books,25
1928,user928@example.com,112.94559119286988,2024-02-08 16:00:00,Home,21
1929,user929@example.com,137.55464829202248,2024-02-08 17:00:00,Clothing,76
1930,user930@example.com,95.66199111716652,2024-02-08 18:00:00,Electronics,52
1931,user931@example.com,95.04524056555061,2024-02-08 19:00:00,Electronics,73
1932,user932@example.com,68.80838065078723,2024-02-08 20:00:00,Home,32
1933,user933@example.com,62.03201358130013,2024-02-08 21:00:00,Clothing,57
1934,user934@example.com,100.91107407374643,2024-02-08 22:00:00,Electronics,62
1935,user935@example.com,58.00551213420141,2024-02-08 23:00:00,Books,25
1936,user936@example.com,107.90345814864843,2024-02-09 00:00:00,Electronics,41
1937,user937@example.com,125.63464981798379,2024-02-09 01:00:00,Books,41
1938,user938@example.com,90.97972944169584,2024-02-09 02:00:00,Home,41
1939,user939@example.com,109.23018096939549,2024-02-09 03:00:00,Books,60
1940,user940@example.com,116.30356853376617,2024-02-09 04:00:00,Home,59
1941,user941@example.com,110.1813334538171,2024-02-09 05:00:00,Books,19
1942,user942@example.com,118.65311078291992,2024-02-09 06:00:00,Home,73
1943,user943@example.com,122.14602703729304,2024-02-09 07:00:00,Clothing,57
1944,user944@example.com,112.23604130858713,2024-02-09 08:00:00,Electronics,48
1945,user945@example.com,104.57679812518717,2024-02-09 09:00:00,Books,72
1946,user946@example.com,84.06022460604555,2024-02-09 10:00:00,Home,64
1947,user947@example.com,116.9716553201218,2024-02-09 11:00:00,Electronics,59
1948,user948@example.com,95.1673697765668,2024-02-09 12:00:00,Clothing,29
1949,user949@example.com,69.78478633889685,2024-02-09 13:00:00,Home,64
1950,user950@example.com,78.22400553924828,2024-02-09 14:00:00,Clothing,30
1951,user951@example.com,104.60657575960253,2024-02-09 15:00:00,Clothing,68
1952,user952@example.com,53.541559923952306,2024-02-09 16:00:00,Home,73
1953,user953@example.com,116.16627956336197,2024-02-09 17:00:00,Electronics,44
1954,user954@example.com,133.68385358742592,2024-02-09 18:00:00,Electronics,47
1955,user955@example.com,117.35840395570222,2024-02-09 19:00:00,Electronics,21
1956,user956@example.com,80.32415994197963,2024-02-09 20:00:00,Home,42
1957,user957@example.com,108.85651756157404,2024-02-09 21:00:00,Books,27
1958,user958@example.com,123.55904760221185,2024-02-09 22:00:00,Electronics,37
1959,user959@example.com,119.28203512789005,2024-02-09 23:00:00,Books,42
1960,user960@example.com,95.89126303030866,2024-02-10 00:00:00,Books,46
1961,user961@example.com,101.24037619524384,2024-02-10 01:00:00,Electronics,70
1962,user962@example.com,130.3582726152425,2024-02-10 02:00:00,Books,42
1963,user963@example.com,131.11983537292846,2024-02-10 03:00:00,Clothing,67
1964,user964@example.com,123.54708528960845,2024-02-10 04:00:00,Clothing,54
1965,user965@example.com,94.62449941818028,2024-02-10 05:00:00,Books,55
1966,user966@example.com,81.85483710692856,2024-02-10 06:00:00,Books,31
1967,user967@example.com,129.33267130258102,2024-02-10 07:00:00,Electronics,26
1968,user968@example.com,116.598145449871,2024-02-10 08:00:00,Electronics,38
1969,user969@example.com,93.55189190838757,2024-02-10 09:00:00,Electronics,20
1970,user970@example.com,94.94219740891472,2024-02-10 10:00:00,Home,29
1971,user971@example.com,115.50770730067919,2024-02-10 11:00:00,Books,29
1972,user972@example.com,94.48554243049558,2024-02-10 12:00:00,Home,74
1973,user973@example.com,99.76321044015695,2024-02-10 13:00:00,Books,36
1974,user974@example.com,98.67631226179306,2024-02-10 14:00:00,Home,24
1975,user975@example.com,75.05734472458583,2024-02-10 15:00:00,Clothing,77
1976,user976@example.com,118.98478098583384,2024-02-10 16:00:00,Clothing,32
1977,user977@example.com,106.33646443147308,2024-02-10 17:00:00,Home,40
1978,user978@example.com,115.13680646715642,2024-02-10 18:00:00,Home,30
1979,user979@example.com,124.32752431850444,2024-02-10 19:00:00,Books,65
1980,user980@example.com,101.20410764537446,2024-02-10 20:00:00,Electronics,40
1981,user981@example.com,56.843780997551704,2024-02-10 21:00:00,Electronics,42
1982,user982@example.com,44.426897114820626,2024-02-10 22:00:00,Clothing,49
1983,user983@example.com,60.9934822021058,2024-02-10 23:00:00,Electronics,47
1984,user984@example.com,86.3312331651328,2024-02-11 00:00:00,Clothing,26
1985,user985@example.com,152.82315397206014,2024-02-11 01:00:00,Clothing,47
1986,user986@example.com,91.96384696701335,2024-02-11 02:00:00,Electronics,21
1987,user987@example.com,135.65822823571574,2024-02-11 03:00:00,Home,79
1988,user988@example.com,158.22594278210394,2024-02-11 04:00:00,Clothing,54
1989,user989@example.com,128.07718338250046,2024-02-11 05:00:00,Clothing,41
1990,user990@example.com,114.94045214228706,2024-02-11 06:00:00,Home,51
1991,user991@example.com,135.7465283166899,2024-02-11 07:00:00,Books,45
1992,user992@example.com,163.16251625055276,2024-02-11 08:00:00,Electronics,60
1993,user993@example.com,74.10105098569487,2024-02-11 09:00:00,Home,47
1994,user994@example.com,76.6986862579335,2024-02-11 10:00:00,Electronics,69
1995,user995@example.com,128.52437899514524,2024-02-11 11:00:00,Clothing,54
1996,user996@example.com,153.95214250649454,2024-02-11 12:00:00,Clothing,40
1997,user997@example.com,99.33459942206649,2024-02-11 13:00:00,Books,72
1998,user998@example.com,120.78537326257859,2024-02-11 14:00:00,Electronics,48
1999,user999@example.com,117.24211002599722,2024-02-11 15:00:00,Clothing,76
